Workbook

Sheet Ringkasan_Hasil
A1: Polutan | B1: Count (n) | C1: Mean | D1: Variansi | E1: Std Deviasi | F1: Skewness | G1: Kurtosis
A2: CO | B2: ='Manual_CO'!J2 | C2: ='Manual_CO'!J3 | D2: ='Manual_CO'!J4 | E2: ='Manual_CO'!J5 | F2: ='Manual_CO'!J8 | G2: ='Manual_CO'!J9
A3: NO2 | B3: ='Manual_NO2'!J2 | C3: ='Manual_NO2'!J3 | D3: ='Manual_NO2'!J4 | E3: ='Manual_NO2'!J5 | F3: ='Manual_NO2'!J8 | G3: ='Manual_NO2'!J9
A4: O3 | B4: ='Manual_O3'!J2 | C4: ='Manual_O3'!J3 | D4: ='Manual_O3'!J4 | E4: ='Manual_O3'!J5 | F4: ='Manual_O3'!J8 | G4: ='Manual_O3'!J9
A5: SO2 | B5: ='Manual_SO2'!J2 | C5: ='Manual_SO2'!J3 | D5: ='Manual_SO2'!J4 | E5: ='Manual_SO2'!J5 | F5: ='Manual_SO2'!J8 | G5: ='Manual_SO2'!J9

Sheet Manual_CO
A1: Perhitungan Manual Statistik Polutan: CO
I2: Count (n) | J2: =COUNT(B12:B209)
I3: Mean (x̄) | J3: =AVERAGE(B12:B209)
I4: Variansi (s²) | J4: =SUM(D12:D209) / (J2 - 1)
I5: Std Deviasi (s) | J5: =SQRT(J4)
I6: Sum ((x - x̄)/s)³ | J6: =SUM(F12:F209)
I7: Sum ((x - x̄)/s)⁴ | J7: =SUM(G12:G209)
I8: Skewness (Manual) | J8: =(J2 / ((J2 - 1) * (J2 - 2))) * J6
I9: Kurtosis (Manual) | J9: =(J2 * (J2 + 1) / ((J2 - 1) * (J2 - 2) * (J2 - 3))) * J7 - (3 * (J2 - 1)^2 / ((J2 - 2) * (J2 - 3)))
I10: Excel SKEW (Validasi) | J10: =SKEW(B12:B209)
A11: Date | B11: x (Nilai Polutan) | C11: Deviasi (x - x̄) | D11: (x - x̄)² | E11: (x - x̄)³ | F11: ((x - x̄)/s)³ | G11: ((x - x̄)/s)⁴ | I11: Excel KURT (Validasi) | J11: =KURT(B12:B209)
A12: 2025-08-27 | B12: 0.037078656 | C12: =B12 - $J$3 | D12: =C12^2 | E12: =C12^3 | F12: =(C12 / $J$5)^3 | G12: =(C12 / $J$5)^4
A13: 2025-08-30 | B13: 0.032915432 | C13: =B13 - $J$3 | D13: =C13^2 | E13: =C13^3 | F13: =(C13 / $J$5)^3 | G13: =(C13 / $J$5)^4
A14: 2025-09-02 | B14: 0.027047146 | C14: =B14 - $J$3 | D14: =C14^2 | E14: =C14^3 | F14: =(C14 / $J$5)^3 | G14: =(C14 / $J$5)^4
A15: 2025-09-03 | B15: 0.030307449 | C15: =B15 - $J$3 | D15: =C15^2 | E15: =C15^3 | F15: =(C15 / $J$5)^3 | G15: =(C15 / $J$5)^4
A16: 2025-09-06 | B16: 0.027397215 | C16: =B16 - $J$3 | D16: =C16^2 | E16: =C16^3 | F16: =(C16 / $J$5)^3 | G16: =(C16 / $J$5)^4
A17: 2025-09-09 | B17: 0.033474524 | C17: =B17 - $J$3 | D17: =C17^2 | E17: =C17^3 | F17: =(C17 / $J$5)^3 | G17: =(C17 / $J$5)^4
A18: 2025-09-11 | B18: 0.034040179 | C18: =B18 - $J$3 | D18: =C18^2 | E18: =C18^3 | F18: =(C18 / $J$5)^3 | G18: =(C18 / $J$5)^4
A19: 2025-09-13 | B19: 0.033545997 | C19: =B19 - $J$3 | D19: =C19^2 | E19: =C19^3 | F19: =(C19 / $J$5)^3 | G19: =(C19 / $J$5)^4
A20: 2025-09-15 | B20: 0.025755174 | C20: =B20 - $J$3 | D20: =C20^2 | E20: =C20^3 | F20: =(C20 / $J$5)^3 | G20: =(C20 / $J$5)^4
A21: 2025-09-16 | B21: 0.023475701 | C21: =B21 - $J$3 | D21: =C21^2 | E21: =C21^3 | F21: =(C21 / $J$5)^3 | G21: =(C21 / $J$5)^4
A22: 2025-09-18 | B22: 0.032323509 | C22: =B22 - $J$3 | D22: =C22^2 | E22: =C22^3 | F22: =(C22 / $J$5)^3 | G22: =(C22 / $J$5)^4
A23: 2025-09-19 | B23: 0.028437097 | C23: =B23 - $J$3 | D23: =C23^2 | E23: =C23^3 | F23: =(C23 / $J$5)^3 | G23: =(C23 / $J$5)^4
... A209: 2026-08-27 | B209: 0.030962138 | C209: =B209 - $J$3 | D209: =C209^2 | E209: =C209^3 | F209: =(C209 / $J$5)^3 | G209: =(C209 / $J$5)^4

Sheet Manual_NO2
A1: Perhitungan Manual Statistik Polutan: NO2
I2: Count (n) | J2: =COUNT(B12:B73)
I3: Mean (x̄) | J3: =AVERAGE(B12:B73)
I4: Variansi (s²) | J4: =SUM(D12:D73) / (J2 - 1)
I5: Std Deviasi (s) | J5: =SQRT(J4)
I6: Sum ((x - x̄)/s)³ | J6: =SUM(F12:F73)
I7: Sum ((x - x̄)/s)⁴ | J7: =SUM(G12:G73)
I8: Skewness (Manual) | J8: =(J2 / ((J2 - 1) * (J2 - 2))) * J6
I9: Kurtosis (Manual) | J9: =(J2 * (J2 + 1) / ((J2 - 1) * (J2 - 2) * (J2 - 3))) * J7 - (3 * (J2 - 1)^2 / ((J2 - 2) * (J2 - 3)))
I10: Excel SKEW (Validasi) | J10: =SKEW(B12:B73)
A11: Date | B11: x (Nilai Polutan) | C11: Deviasi (x - x̄) | D11: (x - x̄)² | E11: (x - x̄)³ | F11: ((x - x̄)/s)³ | G11: ((x - x̄)/s)⁴ | I11: Excel KURT (Validasi) | J11: =KURT(B12:B73)
A12: 2025-09-02 | B12: 2.0857588e-05 | C12: =B12 - $J$3 | D12: =C12^2 | E12: =C12^3 | F12: =(C12 / $J$5)^3 | G12: =(C12 / $J$5)^4
A13: 2025-09-03 | B13: 3.0130383e-05 | C13: =B13 - $J$3 | D13: =C13^2 | E13: =C13^3 | F13: =(C13 / $J$5)^3 | G13: =(C13 / $J$5)^4
A14: 2025-09-04 | B14: 5.5182718e-06 | C14: =B14 - $J$3 | D14: =C14^2 | E14: =C14^3 | F14: =(C14 / $J$5)^3 | G14: =(C14 / $J$5)^4
A15: 2025-09-22 | B15: 9.8387673e-06 | C15: =B15 - $J$3 | D15: =C15^2 | E15: =C15^3 | F15: =(C15 / $J$5)^3 | G15: =(C15 / $J$5)^4
A16: 2025-09-23 | B16: 3.2918346e-05 | C16: =B16 - $J$3 | D16: =C16^2 | E16: =C16^3 | F16: =(C16 / $J$5)^3 | G16: =(C16 / $J$5)^4
A17: 2025-09-24 | B17: -6.7859942e-06 | C17: =B17 - $J$3 | D17: =C17^2 | E17: =C17^3 | F17: =(C17 / $J$5)^3 | G17: =(C17 / $J$5)^4
A18: 2025-09-26 | B18: 2.720151e-05 | C18: =B18 - $J$3 | D18: =C18^2 | E18: =C18^3 | F18: =(C18 / $J$5)^3 | G18: =(C18 / $J$5)^4
A19: 2025-09-28 | B19: 1.3299034e-05 | C19: =B19 - $J$3 | D19: =C19^2 | E19: =C19^3 | F19: =(C19 / $J$5)^3 | G19: =(C19 / $J$5)^4
A20: 2025-10-04 | B20: 1.9844318e-05 | C20: =B20 - $J$3 | D20: =C20^2 | E20: =C20^3 | F20: =(C20 / $J$5)^3 | G20: =(C20 / $J$5)^4
A21: 2025-10-06 | B21: 1.4185867e-05 | C21: =B21 - $J$3 | D21: =C21^2 | E21: =C21^3 | F21: =(C21 / $J$5)^3 | G21: =(C21 / $J$5)^4
A22: 2025-10-15 | B22: 3.9145489e-05 | C22: =B22 - $J$3 | D22: =C22^2 | E22: =C22^3 | F22: =(C22 / $J$5)^3 | G22: =(C22 / $J$5)^4
A23: 2025-11-07 | B23: -2.9248376e-06 | C23: =B23 - $J$3 | D23: =C23^2 | E23: =C23^3 | F23: =(C23 / $J$5)^3 | G23: =(C23 / $J$5)^4
... A73: 2026-08-11 | B73: 4.785553e-05 | C73: =B73 - $J$3 | D73: =C73^2 | E73: =C73^3 | F73: =(C73 / $J$5)^3 | G73: =(C73 / $J$5)^4

Sheet Manual_O3
A1: Perhitungan Manual Statistik Polutan: O3
I2: Count (n) | J2: =COUNT(B12:B360)
I3: Mean (x̄) | J3: =AVERAGE(B12:B360)
I4: Variansi (s²) | J4: =SUM(D12:D360) / (J2 - 1)
I5: Std Deviasi (s) | J5: =SQRT(J4)
I6: Sum ((x - x̄)/s)³ | J6: =SUM(F12:F360)
I7: Sum ((x - x̄)/s)⁴ | J7: =SUM(G12:G360)
I8: Skewness (Manual) | J8: =(J2 / ((J2 - 1) * (J2 - 2))) * J6
I9: Kurtosis (Manual) | J9: =(J2 * (J2 + 1) / ((J2 - 1) * (J2 - 2) * (J2 - 3))) * J7 - (3 * (J2 - 1)^2 / ((J2 - 2) * (J2 - 3)))
I10: Excel SKEW (Validasi) | J10: =SKEW(B12:B360)
A11: Date | B11: x (Nilai Polutan) | C11: Deviasi (x - x̄) | D11: (x - x̄)² | E11: (x - x̄)³ | F11: ((x - x̄)/s)³ | G11: ((x - x̄)/s)⁴ | I11: Excel KURT (Validasi) | J11: =KURT(B12:B360)
A12: 2025-08-27 | B12: 0.11399001 | C12: =B12 - $J$3 | D12: =C12^2 | E12: =C12^3 | F12: =(C12 / $J$5)^3 | G12: =(C12 / $J$5)^4
A13: 2025-08-28 | B13: 0.11808739 | C13: =B13 - $J$3 | D13: =C13^2 | E13: =C13^3 | F13: =(C13 / $J$5)^3 | G13: =(C13 / $J$5)^4
A14: 2025-08-29 | B14: 0.11669129 | C14: =B14 - $J$3 | D14: =C14^2 | E14: =C14^3 | F14: =(C14 / $J$5)^3 | G14: =(C14 / $J$5)^4
A15: 2025-08-30 | B15: 0.11324227 | C15: =B15 - $J$3 | D15: =C15^2 | E15: =C15^3 | F15: =(C15 / $J$5)^3 | G15: =(C15 / $J$5)^4
A16: 2025-08-31 | B16: 0.11469662 | C16: =B16 - $J$3 | D16: =C16^2 | E16: =C16^3 | F16: =(C16 / $J$5)^3 | G16: =(C16 / $J$5)^4
A17: 2025-09-01 | B17: 0.11866697 | C17: =B17 - $J$3 | D17: =C17^2 | E17: =C17^3 | F17: =(C17 / $J$5)^3 | G17: =(C17 / $J$5)^4
A18: 2025-09-02 | B18: 0.11767648 | C18: =B18 - $J$3 | D18: =C18^2 | E18: =C18^3 | F18: =(C18 / $J$5)^3 | G18: =(C18 / $J$5)^4
A19: 2025-09-03 | B19: 0.11454067 | C19: =B19 - $J$3 | D19: =C19^2 | E19: =C19^3 | F19: =(C19 / $J$5)^3 | G19: =(C19 / $J$5)^4
A20: 2025-09-04 | B20: 0.11430601 | C20: =B20 - $J$3 | D20: =C20^2 | E20: =C20^3 | F20: =(C20 / $J$5)^3 | G20: =(C20 / $J$5)^4
A21: 2025-09-05 | B21: 0.1130182 | C21: =B21 - $J$3 | D21: =C21^2 | E21: =C21^3 | F21: =(C21 / $J$5)^3 | G21: =(C21 / $J$5)^4
A22: 2025-09-06 | B22: 0.11291455 | C22: =B22 - $J$3 | D22: =C22^2 | E22: =C22^3 | F22: =(C22 / $J$5)^3 | G22: =(C22 / $J$5)^4
A23: 2025-09-07 | B23: 0.11308686 | C23: =B23 - $J$3 | D23: =C23^2 | E23: =C23^3 | F23: =(C23 / $J$5)^3 | G23: =(C23 / $J$5)^4
... A360: 2026-08-27 | B360: 0.11894778 | C360: =B360 - $J$3 | D360: =C360^2 | E360: =C360^3 | F360: =(C360 / $J$5)^3 | G360: =(C360 / $J$5)^4

Sheet Manual_SO2
A1: Perhitungan Manual Statistik Polutan: SO2
I2: Count (n) | J2: =COUNT(B12:B130)
I3: Mean (x̄) | J3: =AVERAGE(B12:B130)
I4: Variansi (s²) | J4: =SUM(D12:D130) / (J2 - 1)
I5: Std Deviasi (s) | J5: =SQRT(J4)
I6: Sum ((x - x̄)/s)³ | J6: =SUM(F12:F130)
I7: Sum ((x - x̄)/s)⁴ | J7: =SUM(G12:G130)
I8: Skewness (Manual) | J8: =(J2 / ((J2 - 1) * (J2 - 2))) * J6
I9: Kurtosis (Manual) | J9: =(J2 * (J2 + 1) / ((J2 - 1) * (J2 - 2) * (J2 - 3))) * J7 - (3 * (J2 - 1)^2 / ((J2 - 2) * (J2 - 3)))
I10: Excel SKEW (Validasi) | J10: =SKEW(B12:B130)
A11: Date | B11: x (Nilai Polutan) | C11: Deviasi (x - x̄) | D11: (x - x̄)² | E11: (x - x̄)³ | F11: ((x - x̄)/s)³ | G11: ((x - x̄)/s)⁴ | I11: Excel KURT (Validasi) | J11: =KURT(B12:B130)
A12: 2025-08-27 | B12: -0.00014468649 | C12: =B12 - $J$3 | D12: =C12^2 | E12: =C12^3 | F12: =(C12 / $J$5)^3 | G12: =(C12 / $J$5)^4
A13: 2025-08-29 | B13: 0.00053988741 | C13: =B13 - $J$3 | D13: =C13^2 | E13: =C13^3 | F13: =(C13 / $J$5)^3 | G13: =(C13 / $J$5)^4
A14: 2025-08-30 | B14: -8.4931904e-05 | C14: =B14 - $J$3 | D14: =C14^2 | E14: =C14^3 | F14: =(C14 / $J$5)^3 | G14: =(C14 / $J$5)^4
A15: 2025-09-07 | B15: -2.862355e-05 | C15: =B15 - $J$3 | D15: =C15^2 | E15: =C15^3 | F15: =(C15 / $J$5)^3 | G15: =(C15 / $J$5)^4
A16: 2025-09-09 | B16: 0.00023559362 | C16: =B16 - $J$3 | D16: =C16^2 | E16: =C16^3 | F16: =(C16 / $J$5)^3 | G16: =(C16 / $J$5)^4
A17: 2025-09-18 | B17: -0.00037467308 | C17: =B17 - $J$3 | D17: =C17^2 | E17: =C17^3 | F17: =(C17 / $J$5)^3 | G17: =(C17 / $J$5)^4
A18: 2025-09-21 | B18: -0.00050578779 | C18: =B18 - $J$3 | D18: =C18^2 | E18: =C18^3 | F18: =(C18 / $J$5)^3 | G18: =(C18 / $J$5)^4
A19: 2025-09-22 | B19: 0.0001513069 | C19: =B19 - $J$3 | D19: =C19^2 | E19: =C19^3 | F19: =(C19 / $J$5)^3 | G19: =(C19 / $J$5)^4
A20: 2025-09-23 | B20: -3.862596e-05 | C20: =B20 - $J$3 | D20: =C20^2 | E20: =C20^3 | F20: =(C20 / $J$5)^3 | G20: =(C20 / $J$5)^4
A21: 2025-09-24 | B21: 3.0979027e-06 | C21: =B21 - $J$3 | D21: =C21^2 | E21: =C21^3 | F21: =(C21 / $J$5)^3 | G21: =(C21 / $J$5)^4
A22: 2025-09-25 | B22: 4.1643845e-05 | C22: =B22 - $J$3 | D22: =C22^2 | E22: =C22^3 | F22: =(C22 / $J$5)^3 | G22: =(C22 / $J$5)^4
A23: 2025-09-26 | B23: 5.2236654e-05 | C23: =B23 - $J$3 | D23: =C23^2 | E23: =C23^3 | F23: =(C23 / $J$5)^3 | G23: =(C23 / $J$5)^4
... A130: 2026-08-19 | B130: 9.5601699e-06 | C130: =B130 - $J$3 | D130: =C130^2 | E130: =C130^3 | F130: =(C130 / $J$5)^3 | G130: =(C130 / $J$5)^4
